First Name, Last Name, Age, Gender, City, Dollar,
Katie,Romero,34,Male,Buwavhab,$9363.93,
Cynthia,Fields,51,Female,Diteluk,$229.46,
Ronnie,Park,58,Male,Gujtelhim,$6696.21,
Brian,Moore,47,Female,Wemoida,$8675.65,
Pauline,Diaz,64,Male,Koatavo,$381.89,
Winnie,Murphy,35,Female,Idagriz,$4248.20,
Hettie,Curry,40,Male,Buhijude,$7970.79,
Donald,Ray,55,Female,Fizenkil,$6811.39,
Beulah,Mitchell,59,Female,Gooklal,$5851.75,
Blake,Taylor,26,Male,Esdilok,$9099.17,
Brandon,Henry,53,Female,Feucenu,$5151.14,
Jesus,Patterson,64,Male,Burakwu,$1387.24,
Jackson,Gilbert,21,Male,Ahaichu,$7898.82,
Jeff,McGuire,53,Female,Nulabo,$5228.19,
Stanley,Newton,38,Female,Hazgisuhu,$1673.85,
Matthew,Wright,46,Female,Ogsapeh,$90.54,
Gertrude,Hammond,65,Female,Agikufu,$3697.12,
Jonathan,Valdez,39,Female,Agtinsu,$3755.01,
Stanley,Flores,56,Male,Peoluhe,$8272.03,
Willie,Jones,27,Male,Medmikdog,$6072.90,
Etta,Gomez,63,Female,Dazfuji,$4444.83,
Johnny,Webb,33,Male,Hejgiko,$4216.36,
Maude,Flowers,18,Male,Fuazade,$9619.47,
Tom,Frank,28,Female,Visogi,$9841.30,
Mason,Woods,44,Male,Ratzipew,$6077.96,
Leon,Summers,40,Female,Natinuefo,$6214.80,
Carrie,Hoffman,62,Male,Zijkeawa,$9785.59,
Andre,Edwards,44,Female,Mowado,$1148.33,
Marian,Grant,60,Male,Forovta,$1470.98,
Adelaide,Vega,60,Male,Coknipe,$7674.86,
Fred,Crawford,21,Male,Budedba,$1400.38,
Calvin,Chambers,29,Female,Zunsucil,$9767.03,
Mabel,Hale,27,Female,Hekihkic,$5496.17,
Myra,Chandler,22,Female,Doretju,$2227.23,
Leroy,Powell,55,Female,Nihdizga,$4814.90,
Jean,Bailey,20,Female,Kisizmom,$1046.25,
Eugene,Green,26,Male,Siiczi,$6708.75,
Noah,Curtis,19,Male,Kepudabe,$1286.48,
Howard,Fowler,54,Male,Taszeaz,$9049.53,
Glen,Schultz,28,Male,Elobodi,$8778.73,
Alfred,Johnston,23,Male,Madtobo,$9381.60,
Steve,Norris,60,Male,Vucnoso,$4572.89,
Mollie,Newton,51,Male,Huusaja,$3770.23,
Alice,Valdez,57,Female,Tuoktuz,$7625.29,
Leona,Douglas,24,Female,Uvaroti,$3885.16,
Luke,Jordan,45,Male,Tecebme,$5205.25,
Chris,Rhodes,60,Male,Hakunle,$952.69,
Iva,Gonzalez,29,Female,Nidezho,$8776.01,
Janie,Greer,37,Female,Ejpupju,$1074.93,
Darrell,McGuire,46,Male,Anmubse,$4106.64,
Adam,Cain,45,Female,Aplivac,$876.83,
Hester,Carlson,19,Male,Minohil,$7772.83,
Jared,Knight,20,Female,Osowean,$5570.48,
Philip,McDonald,44,Female,Haibwu,$8245.15,
May,Richards,55,Male,Zijbozeg,$7707.38,
Fanny,Harmon,51,Male,Pevolapu,$3507.75,
Cameron,Ingram,36,Male,Viridir,$4704.27,
Essie,Vargas,52,Female,Fugukumih,$5635.14,
Ronnie,Thompson,42,Female,Linoshor,$2492.09,
Gilbert,Jennings,60,Female,Ocefognec,$1882.36,
Matthew,Knight,62,Male,Obecagup,$3030.94,
Maud,Reyes,21,Female,Obkidsow,$7249.77,
Tyler,Wilkerson,64,Female,Mipbifwaj,$2536.55,
Lola,Lane,40,Male,Fusvibzer,$1431.79,
Steve,Bailey,38,Male,Dispicib,$5716.13,
Ellen,Bowers,55,Male,Ikfura,$8659.06,
Carlos,Brock,18,Male,Elewedi,$6845.77,
Catherine,Price,49,Female,Letiju,$1692.79,
Willie,Johnson,24,Female,Husvecif,$2395.07,
Clifford,Wong,28,Female,Zusaveb,$2851.88,
Bruce,Schultz,41,Male,Miftohu,$1617.37,
Katharine,Goodman,52,Male,Powizho,$4818.40,
Gabriel,Rivera,44,Male,Mamopuz,$838.31,
Dustin,Stone,44,Female,Elricu,$5729.51,
Gavin,Allison,41,Male,Vitauce,$5860.38,
Francis,Watts,31,Female,Volovupun,$4671.79,
Ricky,Swanson,65,Male,Bapzufben,$2289.43,
Teresa,Fernandez,31,Male,Okhilzoc,$6948.70,
Esther,Day,61,Male,Ivaritmo,$6673.73,
Ola,Hopkins,18,Female,Sisiuda,$7893.03,
Mitchell,Boyd,58,Female,Susoiz,$9140.72,
Rosa,Kim,34,Female,Ajganpu,$4115.07,
Leon,McCoy,50,Male,Pajuzra,$4044.37,
Mark,Wallace,22,Female,Hibukfo,$4245.92,
Roxie,Swanson,61,Female,Piwafwo,$4935.63,
Troy,Carter,36,Male,Zabdauj,$819.53,
Claudia,Guerrero,32,Female,Vahremez,$8398.71,
Grace,McDaniel,58,Male,Vonavajip,$3882.91,
Olga,Zimmerman,28,Female,Facotlo,$195.80,
Lilly,Lloyd,19,Male,Lagehja,$4560.33,
Johanna,Barton,39,Male,Vehufe,$5878.67,
Adeline,Coleman,19,Male,Irfagub,$4448.68,
Earl,Cox,44,Female,Cinirrit,$4869.27,
Madge,Becker,49,Male,Deewiwu,$9103.91,
Estella,Guzman,23,Female,Ersiril,$4567.83,
Grace,Alvarez,47,Male,Pesbuaw,$7783.40,
Nora,Marsh,57,Female,Sekicuvu,$8587.42,
Leonard,McBride,25,Female,Opnola,$8686.19,
Mary,Christensen,55,Female,Rubrofweh,$5076.00,
Loretta,Lawrence,19,Male,Lugiwge,$3566.30,
Effie,Moody,19,Male,Jimulke,$4249.41,
Fannie,Collier,59,Female,Ulnitozi,$8434.06,
Augusta,Foster,61,Female,Pozwejfec,$3126.35,
Estelle,Christensen,47,Female,Gemerur,$8126.20,
Nina,Williamson,53,Female,Wuikiz,$9025.19,
Isabella,McGuire,54,Male,Wufelno,$1353.51,
Daisy,Gomez,56,Male,Akrahe,$8148.49,
Herman,Leonard,57,Female,Edewovuv,$8841.84,
Maude,Lindsey,38,Male,Lenakgo,$5115.01,
Anthony,Graham,21,Male,Tarezpuz,$2763.89,
Gene,Torres,24,Female,Mutweazi,$6049.69,
Inez,Ray,25,Female,Reobela,$957.35,
Willie,Mills,41,Female,Lublupok,$4464.72,
Cynthia,Armstrong,58,Female,Kucbuki,$9842.05,
Jose,Parsons,36,Female,Zucikfer,$4895.86,
Nina,Stewart,54,Male,Nejpusum,$5842.73,
Lilly,Goodman,63,Female,Ilhobla,$5187.21,
Mason,Burgess,53,Male,Asdisas,$1800.21,
Minerva,Austin,51,Male,Dezotud,$6267.13,
Gabriel,Poole,32,Female,Sejnawo,$1520.14,
Nora,Bowman,52,Male,Cobdijse,$4205.21,
Leroy,Singleton,31,Female,Jovovjo,$4199.08,
Allen,Reed,21,Female,Fuczafna,$9802.29,
Barbara,Harrington,20,Male,Lemifgu,$4975.61,
Mathilda,Reese,37,Female,Wosulu,$1010.17,
Isaac,Reese,54,Male,Ahgellas,$7088.42,
Hallie,Welch,59,Male,Kedachoz,$557.11,
Sadie,Fuller,54,Female,Pobojo,$2924.00,
Jean,Zimmerman,37,Male,Cirjadrij,$4556.61,
Amanda,Coleman,60,Female,Lewizaz,$669.87,
Helen,Glover,50,Female,Opihuhuke,$7975.80,
Gerald,Ruiz,27,Male,Tahahivu,$4606.61,
Paul,Boyd,30,Male,Mabvagu,$403.72,
Elmer,Jordan,32,Female,Dapizlef,$4630.79,
Garrett,Clark,20,Male,Seduwa,$7603.69,
Leila,Walters,21,Male,Iljudam,$3077.82,
Cecilia,Delgado,47,Male,Regrufam,$8324.05,
Lily,George,29,Female,Ducudiw,$5336.89,
Dennis,Neal,35,Male,Huuzibid,$7181.72,
Mathilda,Byrd,49,Male,Kepubob,$4361.36,
Edwin,Watkins,22,Female,Wabkojid,$9327.61,
Phillip,Marshall,45,Female,Kalossac,$153.69,
Steve,Johnston,20,Female,Miubuhaj,$341.12,
Vincent,Hart,50,Male,Vadipaz,$4402.47,
Lee,Curry,43,Female,Jirohal,$8948.06,
Lucy,Russell,57,Male,Dekvucoc,$9003.17,
Bobby,Elliott,41,Female,Jujfuted,$3651.15,
Phoebe,Carson,53,Female,Jukole,$9433.07,
Emilie,Greer,62,Male,Pidije,$1221.71,
Albert,George,35,Male,Woradle,$6272.61,
Ethel,Floyd,39,Female,Celucofoz,$8113.57,
Rebecca,Berry,45,Female,Gunfocojo,$7215.48,
Earl,Garza,31,Female,Sodinoj,$7866.01,
Georgia,Roberts,59,Male,Esalejtu,$4788.36,
Polly,Hodges,31,Female,Zeputhif,$5540.76,
Lelia,Parker,55,Male,Gamcekgo,$2995.83,
Alex,Boone,48,Male,Dovzocwu,$9139.06,
Ella,Tucker,55,Male,Siwami,$5724.52,
Fred,Burns,52,Female,Tifebel,$8134.33,
Dustin,Barber,47,Male,Riszocka,$6517.64,
Martin,Swanson,45,Male,Bogajha,$4643.61,
Genevieve,Howell,30,Female,Hozosis,$7393.38,
Isabel,Goodwin,58,Male,Joizbi,$2575.88,
Mae,Martin,56,Male,Juziro,$3231.84,
Michael,Watts,30,Female,Isifirik,$2206.72,
Mittie,Hudson,32,Male,Cepkizab,$7168.23,
Bess,Ryan,46,Male,Biibuher,$8636.32,
Cora,Flores,50,Female,Meshizse,$3666.91,
Barry,Boone,27,Female,Hulbofge,$1641.44,
Emilie,Zimmerman,42,Female,Bakzahji,$1992.72,
Kyle,Keller,20,Female,Bevjevru,$1828.32,
Gerald,Turner,23,Female,Dilwineso,$6273.31,
Lydia,Rogers,30,Male,Jodmowvik,$1104.87,
Eva,Massey,56,Female,Gepenunu,$4603.78,
Luis,Cooper,25,Female,Voacmu,$4206.52,
Maggie,Atkins,60,Female,Nejise,$5304.92,
Lucile,Craig,46,Male,Foacza,$7108.64,
Matthew,Ballard,65,Female,Zagdeguj,$7098.63,
Troy,Stewart,61,Female,Peheevi,$800.77,
Ernest,Ward,34,Male,Sibicitel,$5243.57,
Alta,Graham,58,Male,Bupuwuti,$4128.47,
Hunter,Erickson,36,Male,Idumobic,$7870.69,
Maggie,Harrington,54,Female,Gajgukje,$8075.96,
Emily,Welch,59,Female,Egejekve,$3062.09,
Lelia,Vargas,55,Female,Sewevzag,$6189.43,
Dennis,Mack,54,Female,Uhuzushes,$5106.63,
Lillie,Estrada,61,Female,Zoonarap,$9078.20,
Emma,Tyler,39,Female,Rilezari,$2417.93,
James,Dean,45,Male,Nowinele,$2092.45,
Luke,Howard,27,Male,Honwagi,$9291.39,
Roy,Strickland,32,Female,Gowsohsi,$3875.40,
Ruby,Padilla,53,Female,Joluje,$783.08,
Caleb,Jefferson,37,Male,Nijcircej,$4632.99,
Mary,Aguilar,39,Male,Soliara,$9404.16,
Elnora,Tyler,31,Female,Zuhefab,$5277.93,
Susan,Walton,20,Male,Tekvehov,$6976.78,
Jesus,Ryan,53,Female,Erzofne,$8621.69,
Stella,Holland,42,Female,Vubufgaf,$7917.20,
Ellen,Torres,43,Female,Ejhegnad,$9319.95,
Susan,Burgess,60,Female,Ozugutew,$9403.94,
Lulu,Hernandez,42,Male,Dimighu,$3909.30,
Callie,Payne,22,Male,Urujeuwu,$1379.62,
Jessie,Duncan,31,Female,Arezihhoh,$8206.23,
Cameron,Edwards,50,Male,Raduzci,$2481.42,
Willie,Garner,41,Female,Fagugsub,$4731.93,
Etta,Richardson,35,Male,Ifbepror,$6394.22,
Leo,Schmidt,45,Female,Zifakwu,$3752.53,
Bertha,Curtis,45,Female,Etadentas,$9678.54,
Nina,Jackson,37,Female,Ninpamzep,$1590.84,
Emma,Tate,62,Female,Abatitga,$3982.06,
Carlos,Snyder,31,Female,Odocanfow,$7603.66,
Dora,Ramos,33,Male,Remcoso,$328.36,
Jean,Ellis,58,Male,Febihak,$4420.73,
Lily,McCarthy,24,Female,Gipnisrij,$4812.99,
James,Gutierrez,22,Male,Dujuhcuc,$8798.01,
Ricardo,Reed,32,Male,Fevontaj,$5681.17,
Lucinda,Farmer,28,Male,Welutaj,$2909.24,
Theodore,Pena,45,Male,Ahupata,$5591.50,
Steve,Lloyd,64,Male,Itvates,$5680.97,
Winifred,Drake,52,Female,Omujerwe,$9013.91,
Antonio,Caldwell,49,Male,Solief,$3470.26,
Ivan,Reed,24,Male,Vinuhi,$7466.42,
Emma,Bailey,34,Male,Eviwukcek,$8759.42,
Ricardo,Vargas,44,Male,Mifadmap,$6024.28,
Dora,Riley,55,Female,Saihro,$5277.77,
Jay,George,21,Male,Cabosuozu,$2229.93,
Jeff,Jenkins,39,Male,Wokapjap,$8387.35,
Essie,Reid,48,Male,Warwidwo,$5719.60,
Andre,Underwood,51,Female,Bufobimel,$4279.93,
Leroy,Roberson,29,Male,Tucazeaj,$4768.01,
Cecilia,Moody,37,Male,Eseiliga,$2155.09,
Floyd,Rose,37,Female,Mabuiva,$2333.06,
Rosa,Nguyen,39,Female,Wenbofele,$6392.82,
Ralph,Kennedy,54,Male,Hibepgus,$5761.29,
Nellie,Edwards,34,Male,Efgamubo,$8075.11,
Roy,Fuller,50,Male,Meficwa,$9345.87,
Lillie,Hubbard,37,Female,Poedso,$6084.76,
Lina,Goodwin,41,Female,Utuamvi,$2286.58,
Adele,Farmer,31,Male,Fozpovi,$1885.02,
Kenneth,Roberts,50,Male,Coghanja,$2584.02,
Zachary,Holmes,46,Female,Rogirlam,$8491.84,
Leon,McDonald,65,Male,Juacnir,$2293.36,
Jerry,Rodriquez,47,Male,Dogfudziz,$9330.38,
Cynthia,Bowman,49,Female,Owiutaumo,$7938.60,
Hattie,Maxwell,20,Male,Rafoaf,$2836.51,
Wayne,Torres,23,Male,Fokvikic,$8353.07,
Hunter,Cobb,52,Male,Dosarzu,$3068.19,
Ethel,Burton,35,Female,Honbeflod,$7627.21,
Alfred,Gross,38,Female,Ikuluowe,$1259.92,
Sadie,Sutton,35,Female,Zuzuma,$2522.04,
Walter,Carson,48,Female,Wogsote,$5556.18,
Lenora,Jackson,23,Female,Wablogwu,$3498.06,
Lester,Willis,53,Female,Kigceli,$4448.81,
Manuel,Carpenter,55,Female,Tovifup,$5472.73,
Lula,Henry,50,Female,Lidena,$7012.09,
Viola,Simpson,58,Male,Tejakmom,$4022.67,
Dora,Holloway,46,Female,Wehvevig,$7044.76,
Eunice,Rodgers,29,Female,Feworaj,$2932.70,
Raymond,Reyes,62,Female,Daiktud,$1213.49,
Dustin,Paul,53,Male,Botmiove,$6387.50,
Leona,Banks,22,Male,Otoviij,$7027.55,
Allen,Burke,51,Female,Corsoemo,$5600.41,
Eugenia,Larson,50,Male,Rabacel,$8109.42,
Tom,Hardy,49,Male,Nofnodbu,$4786.48,
Robert,Miller,57,Female,Afbubu,$8032.67,
Kenneth,Wolfe,24,Male,Hucawuza,$8791.51,
Troy,Knight,60,Male,Gujbuwak,$3537.98,
Maud,Bush,26,Male,Nanalvo,$7093.70,
Elsie,Doyle,31,Male,Jegneswuj,$8695.57,
Callie,Bates,25,Male,Tadfaob,$3317.53,
Christine,Baldwin,48,Male,Guswaja,$6028.93,
Jacob,Wolfe,29,Male,Azwuis,$3463.49,
Tillie,McDonald,62,Male,Owerje,$2155.14,
Jeff,Cruz,58,Female,Sucpupcur,$2385.25,
Mina,Harper,58,Male,Genlervo,$1562.23,
Winifred,Steele,42,Male,Dahusi,$9169.79,
Celia,Garza,54,Male,Fazhewde,$1265.11,
Rebecca,French,37,Female,Kevoku,$6151.10,
Ian,Garner,20,Male,Ujhidfof,$7651.29,
Owen,Houston,62,Male,Sepudono,$9345.23,
Theresa,Barker,63,Male,Efugusba,$3643.52,
Stanley,Haynes,22,Male,Jebobgog,$5736.85,
Phoebe,Moore,57,Female,Guwezib,$4017.21,
Vincent,Frazier,63,Male,Fudozozu,$7082.68,
Bettie,Roberts,50,Female,Woruwiji,$4314.37,
Sara,Clark,52,Male,Gotejvo,$6175.79,
Nettie,Willis,51,Male,Gewalmol,$3521.37,
Owen,Moss,49,Female,Eshufif,$999.82,
Zachary,Silva,42,Female,Wujulte,$5545.42,
Mildred,Webb,64,Male,Vucima,$7320.74,
Elizabeth,Griffin,54,Male,Hufufo,$1693.39,
Leroy,Ward,49,Male,Omcenruw,$3624.77,
Chris,Obrien,38,Female,Fukfibrat,$5337.52,
Alexander,Hodges,42,Male,Idnepwe,$7505.30,
Johanna,Hines,30,Male,Baterze,$4744.83,
Ora,Park,51,Male,Ruujade,$2026.55,
Richard,Edwards,33,Male,Zatnolul,$8525.59,
Tyler,Nelson,41,Female,Dojuwe,$6571.93,
Miguel,Fox,60,Female,Esaiwevaf,$3031.02,
Marian,Parks,65,Male,Hinumila,$3620.93,
Hettie,Coleman,35,Female,Atakumfu,$8513.35,
Delia,Schwartz,58,Female,Ocatuzrif,$2361.80,
Pauline,Wilson,23,Male,Dimfegaj,$7785.22,
Shawn,Poole,40,Female,Lahdibad,$5255.29,
Ruby,Gilbert,44,Female,Odrowhib,$292.11,
Eleanor,Marshall,23,Female,Hepilba,$7673.97,
Carlos,Burgess,23,Female,Jivcapoz,$8241.14,
Emma,Romero,64,Male,Nubalhen,$2643.11,
Barbara,Paul,47,Male,Rididiwu,$9866.52,
Theresa,Parker,61,Male,Ninutcej,$5993.18,
Lora,James,53,Female,Kunfeele,$1732.04,
Darrell,Kelley,42,Female,Gojzepkol,$2666.89,
Ella,Hubbard,62,Female,Ravasevu,$335.50,
Jeffery,Barnett,62,Male,Budnegmu,$7609.68,
Blake,Obrien,43,Male,Ehawaone,$9208.35,
Fred,Schultz,60,Female,Zoguaji,$2923.71,
Eugene,Stevens,46,Female,Jinhutki,$9710.86,
Dora,Lucas,46,Male,Zidwohnej,$6510.38,
Jesus,Hardy,47,Male,Kajekin,$8148.22,
Paul,Freeman,29,Male,Uzzunrag,$4594.20,
Gary,Horton,20,Female,Kaluvil,$5511.13,
Vincent,Romero,24,Male,Remrinom,$5433.08,
Corey,Parsons,33,Female,Rasvokew,$5193.20,
Jennie,Porter,62,Female,Papzuplo,$7790.26,
Victoria,Chapman,44,Male,Daewufe,$5999.34,
Charlie,Gonzales,18,Female,Rekuecu,$8500.18,
Russell,Leonard,65,Male,Dewatfu,$6415.88,
Derrick,Richards,33,Male,Jekoppad,$5202.33,
Dale,Klein,40,Female,Etdoet,$339.70,
Elmer,Graham,39,Male,Daejdi,$5373.75,
Philip,Adkins,28,Female,Lifamomo,$8006.88,
Pearl,Francis,55,Male,Wohrulu,$448.50,
Cecelia,Burns,47,Male,Okivuki,$1449.42,
Lester,McDaniel,43,Female,Torwove,$6859.07,
Alice,Ferguson,18,Male,Jiapudop,$2183.24,
Francisco,Cummings,56,Female,Ecokonit,$9107.03,
Rena,Collins,61,Male,Jewufkur,$5727.49,
Lillie,Schmidt,27,Male,Gehohdu,$5607.07,
Irene,Phelps,48,Female,Anleaj,$1830.40,
Roger,Jackson,64,Female,Viwogoj,$1579.20,
Shane,Warren,32,Female,Dorawur,$703.62,
Paul,Wilkins,19,Male,Pomtomuf,$9381.97,
Vera,Mack,61,Female,Kujkilu,$3786.53,
Etta,Carlson,59,Male,Leniec,$2237.58,
Polly,Lopez,53,Male,Ivuhirif,$3737.66,
Lura,Goodman,50,Female,Ibafocu,$2636.77,
Lily,Todd,41,Female,Ceizituc,$7463.37,
Eunice,Ellis,36,Male,Ceakeda,$1226.73,
Maude,Drake,46,Female,Katisfad,$4053.32,
Viola,Gutierrez,61,Female,Fuohgad,$3376.35,
Myrtie,Rodriquez,48,Male,Dushoghu,$966.25,
Emma,Wells,22,Male,Tohimul,$1257.73,
Lydia,Rivera,33,Male,Fasirha,$1225.43,
Danny,Brown,65,Female,Kivitun,$666.83,
Pauline,Griffith,20,Female,Zubakvih,$5606.80,
Daniel,Collier,50,Female,Ucowba,$4505.69,
Phillip,Doyle,62,Female,Nomties,$6826.08,
Virgie,Barton,58,Female,Popeet,$3959.08,
Clarence,Maxwell,19,Female,Dugotom,$4653.12,
Angel,Cain,35,Female,Pimgajku,$5621.42,
Christine,Alvarez,27,Female,Fagotat,$4516.83,
Lois,Obrien,37,Male,Azauvufa,$6561.83,
Todd,Hoffman,40,Female,Namool,$3669.86,
Melvin,Harrison,42,Male,Nunpeoje,$8502.71,
Jonathan,Douglas,47,Male,Tatosiz,$428.59,
Kate,Colon,31,Female,Aggevvij,$3315.19,
Jackson,Bass,31,Male,Voocfi,$8578.23,
Mamie,Hall,37,Female,Edafbu,$9908.85,
Landon,Berry,50,Male,Vereso,$902.11,
Mabel,Holmes,42,Male,Zabezur,$2096.81,
Mabelle,McDaniel,18,Female,Gaketo,$6099.34,
Miguel,Burgess,51,Male,Pajette,$7014.82,
Nathan,Reyes,26,Male,Jinlurka,$8811.55,
Mamie,Norman,46,Female,Efjuprut,$2820.09,
Harriet,Grant,46,Female,Tapfujzog,$1468.43,
Lester,Lowe,33,Female,Kutnegac,$1912.14,
Jane,Hansen,46,Female,Ahugecat,$3534.75,
Elizabeth,Farmer,35,Female,Sifusmu,$2688.79,
Rosa,Vaughn,60,Female,Cebacab,$1924.55,
Bobby,Medina,34,Female,Piumwuf,$9059.08,
Gabriel,Munoz,34,Female,Noibuned,$9635.14,
Emily,Jones,28,Female,Vezegvig,$4288.26,
Adam,White,62,Male,Pisuwi,$8543.59,
Lillian,Douglas,35,Male,Ijemumi,$8218.72,
Isabella,Gibbs,28,Male,Guohuto,$481.09,
Essie,Torres,23,Male,Kapmarjik,$9292.26,
Mae,Rhodes,26,Female,Wosdedo,$624.44,
Francis,Lindsey,57,Female,Norigde,$3513.85,
Samuel,Farmer,55,Female,Jemsudsow,$7166.97,
Isaac,Alvarez,25,Male,Kakiwbud,$8760.70,
Earl,Spencer,34,Female,Hagleku,$7128.18,
Ian,Holt,42,Male,Rerocosu,$6270.46,
Andrew,Adams,20,Male,Muzvidap,$8380.20,
Hilda,Patterson,32,Female,Eruzaeka,$3882.36,
Lucas,Moody,59,Male,Buermu,$5136.65,
Dustin,Fleming,26,Male,Ajakawopu,$1683.19,
Devin,Wilson,42,Female,Nawijuvi,$8604.49,
Julia,Stone,36,Male,Pohuweb,$5248.61,
Howard,Richards,64,Female,Rukikbo,$4663.28,
Gary,Mathis,46,Male,Iriernuz,$4498.21,
Lois,Abbott,23,Female,Uljilzas,$3166.79,
Ruby,Wise,49,Female,Vucike,$4890.75,
Mable,Riley,31,Male,Sejuku,$5501.37,
Rosalie,Holmes,45,Female,Cejbavgif,$4167.12,
Dean,Snyder,30,Female,Foldafgo,$7414.02,
Douglas,Holt,36,Female,Foebisac,$7160.74,
Kate,Taylor,31,Male,Entufso,$3362.68,
Gerald,Salazar,48,Male,Ofihenob,$2769.51,
Alejandro,Torres,27,Male,Olruni,$3146.13,
Craig,Gibbs,60,Female,Gekesaepe,$501.71,
Gertrude,Murray,48,Female,Cemuju,$782.02,
Anne,Tyler,34,Female,Pobibu,$6317.30,
Mable,Silva,64,Female,Zufeacu,$2937.55,
Adeline,Clark,55,Male,Zadhodle,$2987.65,
Lola,Webster,18,Male,Cihpucir,$7211.46,
Lloyd,Adams,37,Female,Jietesev,$5021.74,
Lucile,Ellis,33,Female,Isdavin,$9672.05,
Mabelle,Mendoza,55,Female,Ofpumce,$171.83,
Adam,Reynolds,30,Male,Mohkete,$1776.64,
Dean,Coleman,34,Female,Jehwebu,$8846.48,
Derek,Rhodes,51,Male,Fahjageg,$3158.24,
Brian,Robbins,23,Female,Utbufi,$7551.00,
Andre,Caldwell,40,Male,Nacinku,$9301.62,
Brent,Arnold,28,Female,Gakdazre,$5037.35,
Caroline,Kennedy,49,Female,Keljerwo,$9891.79,
Derek,Howell,36,Male,Bepefu,$1525.29,
Rosie,Wolfe,62,Female,Mabhohike,$9899.17,
Luella,Fleming,56,Female,Remzute,$5044.26,
Antonio,McDonald,37,Male,Buvugu,$3750.48,
Edgar,Elliott,38,Male,Dibzual,$7854.14,
Lura,Garza,25,Male,Toulut,$2366.45,
Oscar,Porter,20,Male,Navsakva,$9786.30,
Harold,Nash,20,Male,Woepbo,$7856.58,
Vernon,Bryant,55,Female,Wacguzlu,$3521.83,
Alma,Long,35,Male,Faowrav,$6179.27,
Wesley,Silva,57,Male,Ekwiklen,$1391.59,
Dennis,Bowman,46,Male,Wusoik,$5692.64,
Viola,Mills,26,Male,Buwvacuvu,$2234.12,
Harry,Morales,39,Female,Zosutmu,$8158.26,
Ricky,Ford,61,Male,Kepoes,$7676.23,
Chester,Santiago,38,Male,Sujfesnuw,$2327.80,
Dora,Guerrero,29,Male,Ugiannih,$490.43,
Harold,Wise,37,Male,Bemwewu,$5433.87,
Catherine,Thompson,39,Female,Pifuvub,$8845.06,
Glenn,Sullivan,43,Male,Pohojobi,$4525.46,
Zachary,Rodriquez,57,Male,Ozwiak,$9228.69,
Justin,Underwood,56,Male,Supojew,$9405.01,
Bertie,Harris,61,Male,Mudtordu,$2797.66,
Julia,Nguyen,19,Female,Tujobasa,$3805.39,
Hattie,Reeves,27,Female,Rahekak,$3038.83,
Cecelia,Gonzales,61,Female,Dezohuj,$9858.94,
Mattie,Cain,54,Female,Atiseoh,$6663.51,
Wesley,Fletcher,50,Male,Fuksizwag,$2592.30,
Gussie,McCoy,54,Female,Vokrumi,$9662.34,
Minnie,Cobb,30,Female,Kijaliof,$9617.39,
Gerald,Strickland,22,Female,Otoveani,$2862.65,
Emma,Carpenter,19,Female,Pusnogvor,$2656.96,
Dustin,Fletcher,26,Male,Harovtas,$727.57,
Allen,Waters,24,Male,Zazieri,$9768.52,
Lina,Peters,29,Female,Enfoum,$8923.31,
Franklin,King,56,Male,Cebkomu,$9991.20,
Daisy,Sanders,31,Female,Zumbigte,$3405.39,
Lida,Greene,41,Male,Azlama,$9660.25,
Lena,Knight,58,Male,Zirculbe,$3619.62,
Blake,Medina,28,Male,Fojwibvuv,$276.28,
Carrie,Ramos,29,Female,Burduljaz,$7589.29,
Minnie,Richardson,46,Male,Jujsalja,$8260.34,
Augusta,Weber,61,Male,Dadgonka,$273.93,
Roy,Robbins,63,Male,Korbuban,$6139.99,
Amelia,Cain,55,Male,Hurilap,$2349.27,
Melvin,Christensen,65,Male,Rebabwo,$594.25,
Joel,McDonald,38,Female,Ruzospuj,$2449.06,
Derek,Cox,52,Male,Ulehiri,$9981.32,
Johnny,Abbott,18,Male,Semabo,$4214.03,
Leila,Nunez,46,Female,Siwmujnul,$4422.06,
Duane,Wolfe,26,Male,Koggurseb,$8325.77,
Eric,Greer,31,Female,Rokaado,$9221.28,
Francis,Neal,65,Male,Dekonfu,$6074.18,
Nannie,Underwood,47,Female,Sococad,$8933.08,
Rodney,Oliver,59,Male,Lilbatu,$6716.33,
Arthur,Jensen,46,Female,Hetmehke,$304.12,
Bertha,Obrien,42,Male,Mobfamer,$7353.23,
Johanna,Coleman,34,Female,Ewkuwec,$7166.51,
Amanda,Houston,41,Female,Jahzige,$9488.71,
Dorothy,Walker,21,Female,Ivoregig,$1342.54,
Steve,Ramsey,34,Female,Idhovbe,$2697.96,
William,Holloway,46,Female,Sizojebim,$2321.64,
Alex,Reid,41,Female,Relavaze,$6092.88,
Virgie,Burton,30,Male,Ezujaodo,$178.25,
Nell,Chavez,38,Female,Tacbamven,$3193.91,
Lydia,Alvarado,37,Female,Gamugiz,$7114.83,
Eddie,Morrison,21,Female,Ebropci,$2508.53,
Micheal,Tyler,18,Male,Vunrutba,$4106.42,
Jordan,Roberson,25,Female,Wutzekep,$6418.83,
Hilda,Adkins,30,Female,Edufunal,$9316.38,
Bertha,Blake,50,Female,Adelet,$8623.65,
Benjamin,Roberson,63,Male,Zohvobi,$4109.66,
Abbie,Oliver,42,Male,Jojropkik,$6106.24,
Christian,Stevens,37,Male,Akmelesi,$1415.52,
Angel,Bates,20,Male,Agageg,$321.96,
Leah,Carpenter,27,Male,Kamivus,$6131.58,
James,Coleman,56,Male,Jatesos,$3024.44,
Jennie,Pratt,44,Female,Bivedfef,$5998.30,
Estella,Gibbs,35,Female,Tioliw,$1939.46,
Leo,Ingram,52,Male,Malajide,$5490.10,
Larry,Chavez,41,Male,Tarbutdit,$4053.18,
Troy,Walton,46,Female,Ogohapziz,$4069.94,
Olivia,Soto,58,Female,Wadorvi,$4840.92,
Jared,Santiago,32,Male,Mowfeduj,$3182.89,
Eleanor,Barber,37,Female,Rigobpoj,$8192.00,
Annie,White,24,Male,Efobahji,$7465.62,
Brett,Hicks,53,Female,Atiecse,$5620.57,
Norman,McCarthy,24,Female,Sulrofvo,$1571.11,
Mason,Jensen,38,Male,Eguobirev,$4376.66,
Christopher,Pope,40,Female,Jujmilti,$1293.89,
Franklin,Flores,52,Female,Honsazuk,$7660.09,
Myrtle,Obrien,24,Male,Vudpige,$1456.43,
Hattie,Figueroa,20,Female,Mekremme,$7959.65,
Marcus,Reyes,33,Female,Ifuconek,$9502.62,
Clyde,Washington,28,Male,Zumdejduw,$7130.52,
Lewis,Richards,44,Female,Lusuzew,$1081.87,
Jacob,Snyder,48,Female,Asafele,$6259.68,
Christine,Wilkins,62,Female,Bakobora,$3145.34,
Gavin,Howard,54,Female,Farzensa,$2257.27,
Ola,Flores,46,Female,Olluha,$4898.71,
Amelia,Burns,54,Male,Ibitifij,$5495.59,
Thomas,Dean,20,Male,Oggojek,$1746.85,
Emily,Ruiz,47,Male,Rujatfev,$4809.35,
Michael,Olson,62,Male,Hifzucpe,$3814.97,
Phoebe,Shelton,28,Female,Ermiko,$7662.85,
Loretta,Mendez,20,Female,Lodaca,$6937.98,
Eliza,Francis,56,Female,Buvcohpep,$8805.71,
Emilie,Parker,32,Female,Kariiv,$9033.98,
Birdie,Washington,36,Male,Cadfahoc,$4336.92,
Andre,Cooper,63,Female,Izroscod,$733.78,
Catherine,Terry,19,Male,Mecefo,$9579.60,
Amy,Reynolds,41,Male,Ovivatju,$9451.60,
Shawn,Evans,34,Male,Gazline,$3587.37,
Jerome,Lawson,39,Female,Foduza,$2064.07,
Charles,Gomez,33,Male,Verwitli,$82.46,
Beulah,Wheeler,45,Male,Fupeota,$6327.11,
Troy,Valdez,46,Male,Megmuhdap,$6783.50,
Harriett,Baker,53,Female,Dewdalto,$659.26,
Nettie,Johnson,33,Male,Mavuvlap,$1346.00,
Alejandro,Pearson,63,Male,Ewinaco,$9128.58,
Sally,Carpenter,65,Female,Gijrukki,$9677.26,
Mathilda,Torres,63,Male,Tucenbor,$5242.34,
Vera,Wolfe,47,Female,Gogrekle,$6000.57,
Hallie,Rodriguez,57,Female,Migivog,$9156.29,
Erik,Cook,52,Male,Nelkowes,$7601.05,
Antonio,Mitchell,31,Male,Ijmupbe,$1850.87,
Martin,Carr,21,Male,Metegvap,$3682.80,
Ophelia,Hoffman,43,Male,Ahuwuci,$5826.10,
Antonio,Jefferson,53,Male,Ijienoni,$4279.10,
Isabella,Strickland,38,Male,Hijlifdic,$8647.94,
Helen,Rodriquez,57,Male,Semagoma,$7807.35,
Christopher,Caldwell,46,Male,Pewfogo,$8104.19,
Marguerite,Huff,25,Female,Ufopaneh,$7486.65,
Virginia,Carroll,30,Female,Hazjefi,$2840.14,
Sylvia,Boone,51,Female,Tehohba,$2477.56,
Benjamin,Phelps,28,Male,Wokcuab,$5026.95,
Claudia,Torres,22,Male,Ilipol,$6111.64,
Earl,Weber,59,Female,Hagecpa,$1464.42,
Jayden,Harvey,65,Female,Kemkios,$1494.87,
Adam,Reed,28,Male,Busafub,$9152.11,
Adeline,Silva,63,Male,Motuphab,$3867.44,
Maud,Manning,51,Male,Oddogwoh,$2844.14,
Kenneth,Carson,31,Female,Mirosalis,$348.89,
Nicholas,Simmons,63,Female,Wimpaico,$6830.08,
Myrtie,Cain,56,Male,Guwseco,$2240.12,
Timothy,Hansen,27,Male,Momijwur,$7631.23,
Jessie,Clarke,51,Male,Bevgaevo,$2149.93,
Mitchell,Cox,65,Male,Fakmuwe,$6773.91,
Claudia,McCarthy,28,Male,Jacvigav,$1174.45,
Curtis,Fernandez,55,Male,Feovubov,$7150.11,
Lawrence,Collier,52,Male,Jilzediv,$701.83,
Susie,Tucker,31,Female,Jenpuun,$4870.30,
Bernice,Reeves,48,Male,Sushico,$5858.43,
Curtis,Sharp,35,Female,Neswofda,$1256.44,
Marian,Gomez,48,Female,Jepozzaw,$4008.56,
Lee,Brock,23,Male,Vonmino,$7786.17,
Hester,Frazier,49,Male,Washunma,$6781.87,
Helen,Ortiz,50,Male,Mofoiwe,$5554.46,
Mildred,Barnett,46,Male,Kumauh,$2401.80,
Shawn,Hart,35,Female,Otcira,$1067.01,
Samuel,Holmes,33,Female,Okujego,$9506.40,
Wesley,Poole,42,Male,Naawebed,$7267.84,
Ernest,Hardy,60,Male,Coofgiw,$3854.52,
Christian,Jenkins,32,Female,Korzokad,$6799.75,
Minerva,Allison,20,Female,Pupunhu,$5285.02,
Edith,Welch,37,Female,Nikapo,$1043.41,
Gerald,Williamson,44,Male,Cezivunu,$3536.94,
Sadie,Palmer,63,Female,Ovmikuk,$9082.26,
Bernice,Meyer,41,Female,Nibtoco,$2211.49,
Ada,Saunders,35,Male,Nefanun,$2523.70,
Tommy,Morales,61,Female,Ijopoeci,$368.42,
Mario,Dunn,36,Male,Cipnaswem,$2817.88,
Christopher,Figueroa,44,Male,Piofaezu,$5555.12,
Annie,Flowers,64,Female,Cawuga,$7850.96,
Howard,Barnes,30,Female,Rabiwru,$9817.72,
Julian,Arnold,49,Male,Urehifruc,$4053.61,
Jeffrey,Schwartz,24,Male,Atiipba,$643.93,
Walter,Boyd,31,Male,Wivijigo,$7605.21,
Laura,Clarke,25,Female,Riewedij,$8847.57,
Alice,Peterson,59,Male,Nicogri,$2047.00,
Clara,Pearson,53,Male,Kitpogid,$3233.66,
Fanny,Mendez,41,Male,Nohamop,$5336.94,
Seth,Davidson,65,Female,Dafbukit,$325.45,
Johanna,Lindsey,39,Male,Negoconi,$546.49,
Miguel,Reese,52,Female,Wofodfut,$6615.31,
Hester,McDonald,23,Female,Risepa,$2877.98,
Edgar,Peters,47,Male,Wokejo,$8718.21,
Rodney,Murray,50,Female,Akdolga,$825.13,
Leo,Kelly,51,Male,Ilifeeti,$6553.44,
Patrick,Johnson,35,Female,Ojemeppoc,$3069.36,
Ryan,Logan,19,Male,Maozotac,$4196.47,
Steven,Gomez,55,Female,Cejefen,$1966.62,
Chris,Lamb,21,Female,Edabadbe,$1076.96,
Cody,Bush,46,Female,Nedbukig,$3661.75,
Timothy,Jackson,26,Female,Miluhcu,$1731.73,
Clifford,Foster,23,Male,Vokute,$1457.68,
Derrick,Woods,38,Female,Kamulem,$4135.22,
Benjamin,Dixon,57,Female,Cufzovrep,$7922.85,
Beulah,Adams,49,Female,Asuambet,$7852.33,
Harriet,Herrera,27,Male,Voguiw,$3854.15,
Nora,Parker,26,Male,Ekuposig,$1552.38,
William,Gibbs,25,Male,Uhpope,$9691.52,
Christine,Goodman,62,Female,Wenmurviz,$2280.38,
Bess,Gomez,48,Male,Binija,$6574.42,
Kevin,Guerrero,46,Male,Iccojum,$5058.78,
Effie,Robinson,46,Female,Memezzez,$3699.11,
Susie,Perry,30,Female,Itamodup,$9138.42,
Catherine,Foster,42,Female,Afaciciv,$3936.30,
Charlie,Harmon,34,Male,Jomenso,$2262.95,
Jeffrey,Chapman,62,Female,Mifafmot,$3046.98,
Jared,James,48,Female,Guzbuga,$4022.22,
Viola,Nichols,29,Female,Mapdetsu,$7418.13,
Francis,McBride,26,Male,Sasogemu,$1651.32,
Olivia,Hampton,61,Female,Zuiloela,$1612.19,
Lester,Pierce,47,Female,Diljasu,$6973.10,
Daniel,Henry,31,Female,Vecukoro,$7275.17,
Charles,Riley,22,Female,Maeruvo,$3393.93,
Elva,Frank,32,Male,Pictipop,$4464.93,
Tom,Sherman,25,Female,Ikuhopfis,$3256.15,
Christine,Mathis,53,Male,Talakovu,$7241.44,
Warren,Stewart,53,Male,Uwupigwo,$6731.00,
Georgia,Fuller,49,Male,Lelehu,$6803.43,
Edgar,Coleman,49,Male,Teegice,$7737.06,
Sallie,Farmer,26,Male,Zozkowe,$7895.27,
Barry,Zimmerman,57,Male,Lasehom,$3911.49,
Gavin,Brady,32,Female,Ezwewmec,$1438.57,
Pearl,Hodges,33,Female,Pedhittu,$4814.86,
Chester,Coleman,52,Female,Desfekon,$4648.49,
Henry,Shelton,58,Male,Tepugmad,$6090.43,
Betty,Holloway,23,Male,Zuwzajek,$4739.20,
Katherine,Edwards,62,Male,Lijawa,$5316.78,
Norman,Daniel,46,Male,Lehige,$2721.51,
Jay,Logan,22,Male,Neadgas,$87.87,
Carl,Gill,38,Male,Cujlaje,$1968.15,
Sarah,Mathis,46,Female,Bijfedpis,$4436.66,
Jennie,Brooks,21,Female,Pafafuli,$2807.59,
Lelia,Wallace,49,Female,Vepuro,$7442.05,
Julian,Wilkerson,38,Male,Jazsimva,$6447.64,
Earl,Ball,27,Male,Kiderve,$6490.91,
Addie,Kim,60,Male,Edzofge,$2197.41,
Shane,Coleman,33,Female,Tuizuwoc,$2801.15,
Lura,Mitchell,23,Female,Rigdaore,$2224.98,
Mario,Pearson,20,Male,Botjeviv,$3373.91,
Mabel,Lloyd,62,Female,Kizefad,$3114.25,
Lulu,Casey,47,Female,Dewimarob,$485.45,
Carlos,Nichols,19,Female,Bohepre,$3923.18,
Tyler,Guerrero,55,Female,Gubrikje,$7126.03,
May,Moss,56,Female,Ihlompev,$3384.94,
Gertrude,Logan,34,Female,Icjibco,$2798.28,
Caroline,Stephens,46,Female,Ugtitu,$4851.63,
Fred,Colon,39,Female,Fifefhu,$1934.50,
Andre,Lyons,37,Female,Tieneva,$4937.38,
Millie,Hines,53,Male,Gumikzi,$4754.87,
Francisco,Franklin,19,Male,Suvtuseg,$3457.70,
Charles,Jensen,35,Female,Nusejcuk,$6992.88,
Leonard,Higgins,56,Male,Ricuduv,$3096.13,
Hettie,Higgins,64,Male,Apkotjob,$8666.31,
Annie,Lee,42,Female,Irofevuw,$6190.39,
Nina,Little,22,Female,Winovkum,$6218.36,
Brian,Munoz,35,Male,Cupzara,$9005.69,
Milton,Kim,49,Female,Halduoj,$5076.92,
Lizzie,Black,40,Female,Subojnon,$1115.30,
Shane,Wong,64,Female,Wughogig,$1703.55,
Jeanette,Sandoval,45,Female,Kawkepaw,$8852.15,
Eugenia,Osborne,29,Male,Naucer,$2086.11,
Katharine,Allison,26,Male,Zorirzu,$1468.43,
Jay,Swanson,37,Female,Sunkihtu,$7694.58,
Douglas,Webb,31,Female,Jumkutfek,$214.92,
Della,Cain,25,Male,Sukmawule,$5501.54,
Jack,Hines,27,Female,Vifajuav,$3873.51,
Claudia,Garrett,21,Male,Wusajsi,$9649.23,
Dustin,Miller,59,Male,Lorzegvij,$1158.10,
Louis,Hunter,51,Male,Feovoiva,$9747.77,
Ivan,Goodman,55,Male,Uvunizar,$3590.50,
Caleb,Ward,40,Male,Ehgobsut,$9264.76,
Lester,Myers,56,Male,Alfaefi,$931.42,
Eugene,Romero,58,Female,Sitnajziv,$4062.73,
Alma,Frazier,37,Male,Rusita,$187.21,
Harry,Christensen,60,Male,Pokuriz,$8629.35,
Patrick,Sanchez,60,Female,Zehaaf,$716.90,
Myrtle,Lynch,61,Male,Afjujezi,$2452.41,
Flora,Matthews,52,Female,Cumpugoj,$467.14,
Dale,Schneider,19,Female,Pamezlo,$1305.78,
Dale,Harvey,61,Male,Hoddasak,$2293.58,
Tommy,Schwartz,48,Male,Rubapto,$5857.38,
Keith,Gross,59,Male,Kamobtof,$8486.56,
John,Rodriquez,60,Female,Ucitagroj,$645.01,
Amy,Harris,39,Male,Tuneruf,$9315.96,
Leona,Gomez,55,Male,Hizulvo,$2191.06,
Corey,Underwood,44,Male,Veekciw,$7403.06,
Sally,Reid,42,Female,Mifhejni,$3056.39,
Jessie,Davis,36,Male,Nunodezen,$521.69,
Etta,Sandoval,37,Male,Bumpazol,$5527.89,
Billy,Bush,40,Female,Fikulkof,$7904.89,
Lena,Frazier,25,Female,Vispemza,$7038.79,
Clara,Cummings,54,Male,Kibmegvo,$2065.51,
Winnie,Townsend,28,Female,Sajakuz,$6333.73,
Richard,Butler,25,Male,Seumbor,$1405.60,
Leo,Phillips,50,Female,Jocejomi,$7478.12,
Marion,Goodman,29,Male,Kifvuvoj,$1812.80,
Olive,Burton,38,Female,Kuvwodves,$957.25,
Sara,Collins,63,Male,Johsokke,$2910.26,
Sara,Young,47,Female,Suefga,$6777.17,
Leon,Owen,31,Male,Hecdajnu,$7727.13,
Iva,Warner,21,Female,Vutewova,$3631.01,
Jared,Harrison,36,Male,Bejotewot,$21.81,
Mildred,Garza,27,Female,Cusobe,$760.21,
Edgar,Fleming,64,Female,Lijotdil,$1609.51,
Andrew,Caldwell,24,Male,Doorelo,$4778.22,
Jay,Frank,23,Male,Durcohmak,$6885.20,
Genevieve,Copeland,59,Female,Watoez,$8664.06,
Alice,Warren,48,Male,Ekedosok,$4421.03,
Allen,Greene,20,Male,Obcazi,$7181.25,
Victoria,Stevenson,56,Female,Tapjollif,$7366.36,
Josie,Coleman,62,Male,Rivilca,$224.30,
Gabriel,Alvarez,62,Male,Ucogte,$5710.25,
Steven,Logan,18,Male,Rufive,$6336.11,
Julian,Wise,24,Male,Zagizer,$7861.50,
Allie,Thornton,33,Male,Pacujdaf,$5504.36,
Lydia,Dean,31,Male,Zarecnu,$4357.44,
Jeff,Fleming,25,Male,Atlaleci,$9644.99,
Adrian,Bailey,58,Female,Bugava,$6302.64,
Lola,Lambert,32,Female,Takudel,$5618.57,
Bobby,Potter,24,Male,Bumpuznuk,$1029.83,
Eliza,Cook,23,Female,Akkacvuf,$8403.53,
Robert,Mills,42,Male,Geibure,$4040.16,
Cole,Maldonado,31,Male,Hubuwi,$2194.97,
Eric,Robbins,60,Male,Optuavo,$1781.60,
Rose,Hubbard,46,Female,Cuhbuho,$4427.47,
Alexander,Harrison,58,Male,Pozunlij,$5851.09,
Harry,Warner,29,Male,Posjesa,$2414.09,
Estella,Cannon,30,Female,Benaige,$2895.96,
Hulda,Lawson,39,Male,Gegupac,$6018.75,
Ivan,Black,32,Male,Abotakmes,$6086.28,
Ethan,Ferguson,56,Female,Nedkuhrap,$5575.13,
Iva,Phelps,53,Male,Zapimmi,$1507.22,
Robert,Griffith,65,Male,Helrusken,$3721.42,
Angel,Stewart,52,Male,Tujdewzov,$7391.04,
Mayme,Hughes,18,Male,Papotki,$3326.41,
Cordelia,Cox,18,Male,Fijiwsi,$7668.10,
Katharine,Waters,20,Male,Winopeap,$7223.83,
Jane,Goodman,23,Female,Naffewu,$147.40,
Beulah,Santiago,37,Male,Sibnufod,$7106.13,
Margaret,Schultz,50,Female,Kuvnejhog,$4001.56,
Violet,Jordan,26,Male,Duafca,$9248.97,
Harvey,Wood,47,Female,Zijlathu,$5657.20,
Brandon,Ortega,43,Female,Hopirmav,$7211.04,
Mabel,Nelson,20,Female,Odoajohi,$2692.18,
Caleb,Rivera,22,Female,Isveciw,$1764.48,
Alta,Christensen,63,Male,Uheluij,$4054.07,
Juan,Shelton,64,Male,Udnivzi,$6832.40,
Maude,Thompson,18,Male,Hofemmad,$5048.31,
Dora,Matthews,49,Male,Nogaizu,$9193.77,
Max,Hernandez,33,Male,Fajazlew,$3399.05,
Raymond,Colon,51,Female,Donlasa,$1195.41,
Sean,Adkins,22,Male,Tembihuw,$3185.91,
Julia,Cruz,22,Male,Nulaso,$4347.61,
Maurice,Zimmerman,50,Female,Ceomaloj,$2799.34,
Chris,Gomez,65,Male,Jorugkoj,$2039.48,
Bill,Page,22,Male,Petutog,$643.55,
Andre,Phillips,52,Male,Jatbupho,$1564.54,
Lee,Ross,39,Female,Pulgujmas,$5190.43,
Jeffery,Ellis,33,Female,Ricewned,$4063.42,
Mario,Ward,46,Female,Zezwuraj,$2665.35,
Sophia,Ortiz,52,Male,Cehuhse,$373.58,
Cody,Luna,27,Female,Logolgob,$5717.65,
Francis,Malone,58,Female,Luragip,$6753.89,
Steve,Wilkins,34,Female,Bunizas,$6532.05,
Theodore,Conner,42,Male,Uducihe,$9238.49,
Jean,Gross,36,Female,Aveozder,$9888.71,
Eddie,Gonzales,46,Male,Hochaomu,$9258.25,
Ronnie,Frazier,25,Male,Sakofel,$7731.96,
Peter,Torres,39,Female,Leajeho,$8918.51,
Rachel,Gardner,50,Female,Kocsonze,$5642.37,
Lee,Ray,28,Male,Wahroji,$3702.67,
Jim,Palmer,52,Male,Ihihosko,$8337.93,
Bessie,Murphy,63,Male,Inuviwra,$466.94,
Eula,Long,55,Female,Kinzuci,$1029.35,
Jerome,Romero,43,Female,Jodajav,$2201.66,
Marvin,Oliver,22,Male,Kiceim,$6527.49,
Susan,Vega,43,Male,Niehunov,$2866.22,
Ida,Black,48,Female,Gapsefe,$185.88,
Jackson,Peterson,26,Female,Holwujgov,$147.07,
Olive,Stephens,27,Female,Lowakzi,$1541.53,
Bess,Kelley,19,Male,Nopadgib,$7559.83,
Beatrice,Carter,28,Male,Ginilesow,$6177.30,
Charlotte,Little,55,Female,Esruhef,$7972.83,
Louisa,Green,19,Male,Kawdoje,$6426.29,
Bettie,Waters,33,Female,Ajziele,$8609.89,
Walter,Figueroa,59,Male,Nizuniku,$8725.27,
Mabelle,Schmidt,51,Male,Gikujla,$5567.12,
Ola,Frank,39,Female,Robtaceh,$3700.58,
Viola,Gomez,50,Male,Ovonuepe,$2750.98,
Mathilda,Gomez,65,Male,Fipraob,$2756.91,
Joe,Poole,64,Female,Veduhca,$1879.10,
Curtis,Guzman,55,Female,Ubkulwar,$6989.34,
Brandon,Stephens,28,Female,Losmuwad,$1584.43,
Justin,Townsend,29,Male,Upcifzel,$6308.71,
Nathan,Byrd,52,Female,Hosuwot,$9764.58,
Jeremiah,Walker,22,Male,Vasacwe,$5150.26,
Betty,Carter,33,Male,Ovigaka,$6037.13,
Ernest,Rice,26,Female,Hehabluf,$4604.57,
Hallie,Peterson,52,Male,Keriwfu,$4178.41,
Jordan,Gregory,18,Female,Sejaag,$4550.99,
Devin,Sharp,53,Female,Onuceuma,$4594.77,
Max,Hart,42,Male,Lutukof,$3735.19,
Millie,Robinson,49,Male,Cukovkiv,$1018.34,
Dora,Caldwell,30,Female,Riubura,$266.49,
John,Lawrence,54,Female,Punehnu,$1399.30,
Mittie,Walton,29,Male,Ceghawfif,$7354.44,
Steve,Osborne,60,Female,Gesugo,$5657.09,
Willie,Gilbert,33,Male,Bamumcok,$4599.27,
Philip,Robertson,22,Female,Zibatel,$7714.32,
Jack,Jenkins,62,Male,Kowjocrip,$7228.69,
Ada,Garner,56,Male,Narikip,$8664.05,
Amy,Cohen,43,Female,Fajzeroj,$164.20,
Vincent,Chambers,62,Male,Diakubi,$4197.77,
Eunice,Mills,31,Male,Lifejneh,$2296.90,
Olivia,Potter,30,Male,Nisimho,$8972.27,
Effie,Jensen,42,Male,Sibigaoko,$5230.55,
Andre,Bryant,64,Female,Afabozku,$7950.41,
Alice,Thomas,45,Male,Pautnac,$8735.06,
Kevin,Holt,37,Female,Sodojlib,$7700.52,
Clyde,Hunt,20,Male,Rilesovo,$5356.91,
Phillip,Brewer,53,Female,Nufuki,$1881.69,
Nellie,Perkins,49,Female,Wawurzab,$7865.19,
Francis,Rivera,22,Female,Codmudo,$3696.35,
Helen,Evans,18,Female,Gucordo,$1045.46,
Ryan,Carr,59,Female,Nughoet,$1901.36,
Hilda,Fletcher,53,Male,Natuho,$2348.40,
Harriett,Sanchez,54,Female,Losefu,$1140.99,
Tommy,Collier,27,Male,Lezgifo,$4643.00,
Francisco,Wilson,57,Male,Dafehso,$4753.06,
Sam,Hoffman,44,Male,Rinono,$2685.77,
Olga,James,54,Male,Mazvultob,$7370.49,
Agnes,Ramos,42,Female,Kuiheli,$9201.76,
Theresa,Lucas,63,Male,Ezaalevo,$1474.07,
Benjamin,Curry,37,Female,Gaswutum,$7419.82,
Ida,Bush,31,Male,Fappukno,$2310.58,
Norman,Phelps,27,Male,Bavatzi,$5524.09,
Lucinda,Pittman,42,Male,Vokezub,$3992.23,
Andrew,McKinney,59,Male,Obfepeji,$9458.22,
Sarah,Gibbs,33,Male,Joenlo,$2519.12,
Andre,Blake,40,Female,Zegisine,$6347.90,
Kevin,Carlson,30,Female,Hutovo,$7409.45,
Maud,McDonald,55,Female,Vescuwfor,$9930.86,
Abbie,Wilkins,22,Female,Ecsocco,$9327.23,
Owen,Wade,33,Female,Ebebotri,$6351.20,
Samuel,Marshall,38,Male,Gohibucul,$881.14,
Tyler,McCarthy,43,Female,Okjiddu,$579.98,
Lina,Meyer,34,Female,Keskujuh,$1843.67,
Herman,Spencer,47,Female,Olemilek,$7324.57,
Edith,Carpenter,59,Male,Tosoidi,$2704.70,
Kevin,Strickland,64,Female,Wavamebez,$4622.52,
Sophia,Hardy,35,Male,Fulacci,$2481.55,
Brett,Frank,33,Female,Sobhikip,$4397.84,
Georgia,Todd,24,Male,Zewakut,$4298.76,
Adeline,Wilson,49,Female,Fictiwrig,$8447.15,
Clara,Snyder,46,Male,Dabofmab,$5483.74,
Francisco,Guzman,38,Female,Ejhetepa,$9147.37,
Myrtle,Taylor,37,Female,Negrawa,$3900.99,
Lucille,Hoffman,45,Female,Hearbo,$8536.21,
Christina,Butler,25,Male,Ruluhka,$9746.57,
Calvin,Poole,35,Male,Vodwigli,$3238.94,
Glenn,Walker,54,Male,Wogvucuf,$7160.27,
Bertie,Long,62,Female,Azujomap,$2774.64,
Dale,Henry,62,Male,Vudkinol,$4891.66,
Vera,Flowers,28,Female,Gugojate,$2723.75,
Bess,Patton,54,Male,Cewtuzuc,$9967.80,
Celia,Dixon,57,Female,Ofupiha,$4603.40,
Roger,Rodriquez,33,Male,Ekaoguk,$7516.92,
Caroline,Robertson,43,Male,Lokefon,$3278.19,
Jared,Jennings,38,Male,Ceuluwer,$8245.00,
Mattie,Moody,56,Male,Pofuisa,$4406.63,
Brandon,Richards,44,Female,Zehiphi,$9736.47,
Lois,Cox,19,Male,Bimkanav,$2708.38,
Bettie,Gomez,29,Male,Puddogiv,$8594.22,
Marie,Burton,23,Male,Kodimi,$4674.73,
Ophelia,Garner,23,Male,Adukekgo,$9599.48,
Laura,Jennings,26,Female,Bubwutze,$3318.48,
Bessie,Carpenter,62,Male,Iribivefe,$745.24,
Beatrice,Floyd,62,Male,Faozuve,$4186.40,
Estella,Cole,59,Female,Itubuzuh,$5604.52,
Olga,Marshall,29,Female,Faplesemi,$8014.20,
Lillian,Pearson,19,Female,Focodgov,$9256.41,
Isabel,Townsend,57,Male,Wilossi,$756.02,
Winifred,Hudson,49,Female,Pihzomac,$7894.16,
Loretta,Woods,19,Male,Wultezam,$4416.59,
Lydia,Atkins,54,Female,Pujocvez,$2725.19,
Seth,Elliott,24,Female,Cideje,$6232.55,
Isabel,Klein,27,Male,Novevuz,$9777.76,
Vernon,Guerrero,38,Female,Ogeereke,$1704.81,
Beatrice,Love,27,Male,Sohinne,$4982.82,
Earl,Marshall,28,Female,Domiraewi,$2356.93,
Hettie,Schmidt,53,Male,Bauficup,$8972.38,
Howard,Hayes,64,Female,Katazsic,$7783.41,
Jack,McCormick,39,Male,Weadepe,$9756.10,
Annie,Cook,55,Male,Numgabda,$9963.01,
Olivia,Owens,40,Female,Piizdu,$9113.18,
Elva,Boone,61,Female,Lihrilu,$9884.49,
Warren,Jordan,23,Male,Gefama,$1656.01,
Maud,George,19,Male,Lomivta,$9543.37,
Charlotte,Fuller,59,Female,Ijepuhsi,$8393.01,
Nannie,Watkins,42,Female,Rinuad,$6939.30,
Maud,Bryan,21,Male,Dagiran,$9037.02,
Alma,Kelly,38,Male,Maluruj,$1091.88,
Tony,Gregory,38,Female,Nuzataga,$6749.99,
Inez,Mitchell,62,Male,Emisessac,$7399.17,
Flora,Myers,23,Male,Kuhvowo,$8124.62,
Floyd,Moss,37,Female,Vugehjo,$7601.35,
Effie,Griffin,56,Male,Zodogehu,$7547.52,
Rosie,Schmidt,32,Male,Mofsiec,$755.42,
Lottie,Klein,29,Male,Zurioj,$595.54,
Lida,Parsons,54,Male,Efmuju,$5773.15,
Essie,Fields,28,Male,Zasozna,$4392.02,
Mabelle,Bryan,49,Male,Fifadupaz,$4131.71,
Fanny,Pope,39,Female,Runvolez,$7312.79,
Luis,Wilson,43,Male,Ruhofpaj,$7533.61,
Raymond,Colon,39,Female,Riwacci,$919.11,
Kevin,West,31,Male,Lugjeca,$2961.62,
Devin,Sullivan,31,Female,Ucoezeiho,$8964.59,
Isabel,Caldwell,47,Male,Fuvtepja,$1045.08,
Verna,Jimenez,34,Male,Nunumi,$4679.71,
Mae,Morrison,63,Female,Siokokek,$3305.69,
Mathilda,Bowers,29,Male,Uhejowu,$6341.28,
Anthony,Warner,45,Female,Kekeko,$4347.70,
Mollie,Copeland,21,Female,Muumna,$7723.77,
Dean,King,24,Male,Aplumit,$7146.27,
Iva,Rogers,34,Female,Jutjunuh,$5434.70,
Chase,Fisher,64,Male,Jabtobuk,$7793.91,
Steve,Medina,20,Female,Rotmucin,$6816.61,
Dora,Kelly,40,Male,Tuziwzog,$7746.11,
Louis,Hudson,38,Female,Cofewi,$1590.95,
Vera,Kelley,44,Male,Noucobo,$5974.08,
Hester,Cohen,52,Male,Bufovir,$3077.58,
Ian,Lyons,37,Male,Ilbotid,$3050.06,
Lina,Osborne,52,Male,Ozukodre,$6101.70,
Alice,Copeland,23,Female,Legdegar,$6715.50,
Marion,Wood,47,Female,Ronomon,$9454.22,
Bryan,Robbins,43,Female,Bisebuni,$2241.46,
Tommy,Jimenez,42,Male,Seljovo,$9658.42,
Eunice,Holt,38,Female,Tosnokil,$8875.25,
Carolyn,McGee,19,Female,Ticejehu,$4709.57,
Julia,Haynes,43,Male,Vichucbom,$6966.55,
Cecilia,Willis,21,Female,Inuhidve,$6274.69,
Theresa,Clark,24,Female,Anuotnip,$1431.05,
Hulda,Reed,60,Female,Nufralab,$1154.94,
Genevieve,Stephens,61,Male,Umiejijoz,$9648.77,
Henry,Tate,51,Male,Bugzuplub,$8874.84,
Teresa,Miller,59,Male,Folfejew,$9104.97,
Carlos,Chandler,60,Male,Jovgewe,$8712.07,
Harriett,Ramirez,53,Male,Fobezuh,$9891.90,
Stella,Mathis,27,Female,Efisocibo,$5822.69,
Michael,Mendez,56,Male,Vokikat,$5181.48,
Steve,Dennis,57,Female,Zilibkak,$4917.18,
Joshua,Higgins,58,Female,Fehwala,$1228.62,
Jesse,Wolfe,44,Female,Guupne,$1772.69,
Estelle,Duncan,43,Male,Meakaaw,$4578.85,
Leonard,Taylor,39,Female,Fiojuha,$3038.49,
Edna,Collier,30,Male,Itegepbu,$8009.92,
Fannie,Martin,27,Female,Ukbotjos,$2556.26,
Isaac,Greene,38,Male,Hihguduk,$3968.90,
Danny,McBride,38,Male,Fakafip,$750.82,
Chester,Sharp,18,Male,Cechauza,$583.82,
Eunice,Morales,61,Female,Ujrehum,$5763.44,
Cecelia,Valdez,43,Female,Zedlimbud,$9038.69,
Gabriel,Haynes,56,Female,Olgohver,$9094.02,
Francis,Poole,64,Female,Julzotko,$6228.98,
Evan,Huff,23,Male,Depagi,$720.82,
Harriet,Elliott,21,Female,Voizipin,$3756.73,
Bernard,Anderson,32,Male,Orodasod,$9530.19,
Randall,Warren,32,Male,Tadvilodo,$2715.10,
Lewis,Payne,54,Male,Megfasha,$1221.63,
Harry,Wood,37,Male,Bahfolke,$445.15,
